monday,EBikeRide_distance,IceSkate_distance,Kayaking_distance,Other_distance,Ride_distance,Run_distance,Swim_distance,Yoga_distance,EBikeRide_moving_time,IceSkate_moving_time,Kayaking_moving_time,Other_moving_time,Ride_moving_time,Run_moving_time,Swim_moving_time,Yoga_moving_time,EBikeRide_total_elevation_gain,IceSkate_total_elevation_gain,Kayaking_total_elevation_gain,Other_total_elevation_gain,Ride_total_elevation_gain,Run_total_elevation_gain,Swim_total_elevation_gain,Yoga_total_elevation_gain
04-23-2018,0.0,0.0,0.0,0.0,0.0,32.49436100504261,0.0,0,0.0,0.0,0.0,0.0,0.0,1.1658333333333333,0.0,0,0,0,0.0,0.0,0.0,20.4,0,0
04-30-2018,0.0,0.0,0.0,0.0,0.0,47.5564923807316,0.0,0,0.0,0.0,0.0,0.0,0.0,1.7408333333333332,0.0,0,0,0,0.0,0.0,0.0,14.100000000000001,0,0
07-16-2018,0.0,0.0,0.0,0.0,0.0,13.862811917035165,0.0,0,0.0,0.0,0.0,0.0,0.0,0.5047222222222222,0.0,0,0,0,0.0,0.0,0.0,15.2,0,0
07-23-2018,0.0,0.0,0.0,0.629525495210432,0.0,135.27336802100487,0.0,0,0.0,0.0,0.0,0.10333333333333333,0.0,5.188055555555556,0.0,0,0,0,0.0,0.0,0.0,89.4,0,0
07-30-2018,0.0,0.0,0.0,1.9364840281748361,0.0,142.7734467026084,0.0,0,0.0,0.0,0.0,0.3030555555555556,0.0,5.3438888888888885,0.0,0,0,0,0.0,0.0,0.0,81.2,0,0
08-06-2018,0.0,0.0,0.0,0.0,0.0,49.77634442650439,0.0,0,0.0,0.0,0.0,0.7561111111111111,0.0,1.8772222222222221,0.0,0,0,0,0.0,0.0,0.0,31.0,0,0
08-13-2018,0.0,0.0,0.0,4.539392552412788,0.0,36.436030516018555,0.0,0,0.0,0.0,0.0,1.0797222222222222,0.0,1.4033333333333333,0.0,0,0,0,0.0,0.0,0.0,25.200000000000003,0,0
08-20-2018,0.0,0.0,0.0,0.0,0.0,129.44862629524303,0.0,0,0.0,0.0,0.0,0.0,0.0,4.706388888888889,0.0,0,0,0,0.0,0.0,0.0,68.1,0,0
08-27-2018,0.0,0.0,0.0,0.0,0.0,146.6617044001954,0.0,0,0.0,0.0,0.0,0.0,0.0,5.231944444444444,0.0,0,0,0,0.0,0.0,0.0,97.80000000000001,0,0
09-03-2018,0.0,0.0,0.0,0.0,116.71480148717012,156.848071116251,0.0,0,0.0,0.0,0.0,0.0,2.366388888888889,5.589166666666666,0.0,0,0,0,0.0,0.0,115.2,131.8,0,0
09-10-2018,0.0,0.0,0.0,4.192215765384496,0.0,26.540982431004323,0.237906817652388,0,0.0,0.0,0.0,3.707222222222222,0.0,0.9669444444444444,0.41944444444444445,0,0,0,0.0,0.0,0.0,10.2,0,0
09-17-2018,0.0,0.0,0.0,0.0,0.0,152.81303286278595,1.2386648021044637,0,0.0,0.0,0.0,0.0,0.0,5.310833333333333,0.8147222222222222,0,0,0,0.0,0.0,0.0,104.10000000000001,0,0
09-24-2018,0.0,0.0,0.0,0.0,0.0,153.09721632791653,0.0,0,0.0,0.0,0.0,0.0,0.0,5.405277777777778,0.0,0,0,0,0.0,0.0,0.0,163.0,0,0
10-01-2018,0.0,0.0,0.0,0.0,0.0,173.919057488638,0.0,0,0.0,0.0,0.0,0.0,0.0,6.155833333333334,0.0,0,0,0,0.0,0.0,0.0,132.6,0,0
10-08-2018,0.0,0.0,0.0,0.0,0.0,34.07388287579729,4.194254384216136,0,0.0,0.0,0.0,0.8066666666666666,0.0,1.2963888888888888,1.3144444444444443,0,0,0,0.0,0.0,0.0,28.5,0,0
10-15-2018,0.0,0.0,0.0,0.0,0.0,111.68940220529436,0.0,0,0.0,0.0,0.0,0.0,0.0,4.021388888888889,0.0,0,0,0,0.0,0.0,0.0,67.6,0,0
10-22-2018,0.0,0.0,0.0,0.0,0.0,147.32119759223093,0.0,0,0.0,0.0,0.0,0.0,0.0,5.0625,0.0,0,0,0,0.0,0.0,0.0,96.5,0,0
10-29-2018,0.0,0.0,0.0,0.0,0.0,173.17169982495878,0.0,0,0.0,0.0,0.0,0.0,0.0,5.933888888888889,0.0,0,0,0,0.0,0.0,0.0,120.9,0,0
11-05-2018,0.0,0.0,0.0,0.0,0.0,188.57468826929795,0.0,0,0.0,0.0,0.0,0.0,0.0,6.413333333333333,0.0,0,0,0,0.0,0.0,0.0,120.7,0,0
11-12-2018,0.0,0.0,0.0,0.0,0.0,207.51406880088308,0.0,0,0.0,0.0,0.0,0.0,0.0,7.076944444444445,0.0,0,0,0,0.0,0.0,0.0,134.7,0,0
11-19-2018,0.0,0.0,0.0,0.0,0.0,214.26964388517172,0.0,0,0.0,0.0,0.0,0.0,0.0,7.431111111111111,0.0,0,0,0,0.0,0.0,0.0,216.9,0,0
11-26-2018,0.0,0.0,0.0,0.0,0.0,216.43975363145248,0.0,0,0.0,0.0,0.0,0.0,0.0,7.3677777777777775,0.0,0,0,0,0.0,0.0,0.0,121.6,0,0
12-03-2018,0.0,0.0,0.0,0.0,0.0,192.71084201681236,0.0,0,0.0,0.0,0.0,0.0,0.0,6.416666666666667,0.0,0,0,0,0.0,0.0,0.0,165.8,0,0
12-10-2018,0.0,0.0,0.0,0.0,0.0,220.92043396151402,0.0,0,0.0,0.0,0.0,0.0,0.0,8.020277777777778,0.0,0,0,0,0.0,0.0,0.0,675.8,0,0
12-17-2018,0.0,0.0,0.0,62.49549117898951,0.0,111.14509097724648,0.0,0,0.0,0.0,0.0,6.381944444444445,0.0,4.115833333333334,0.0,0,0,0,0.0,2108.0,0.0,589.2,0,0
12-24-2018,0.0,0.0,0.0,0.0,122.95052876939054,123.65262909500737,0.0,0,0.0,0.0,0.0,0.0,3.0486111111111116,4.523055555555556,0.0,0,0,0,0.0,0.0,214.9,356.9,0,0
12-31-2018,0.0,0.0,0.0,8.948925085250107,135.734707462605,140.3175225961317,0.0,0,0.0,0.0,0.0,0.6255555555555555,2.565,4.885833333333333,0.0,0,0,0,0.0,4.5,148.8,179.3,0,0
01-07-2019,0.0,0.0,0.0,0.0,0.0,169.32910718920056,0.0,0,0.0,0.0,0.0,0.0,0.5841666666666666,6.228055555555556,0.0,0,0,0,0.0,0.0,0.0,7.8,0,0
01-14-2019,0.0,0.0,0.0,0.0,0.0,185.2929196741239,0.0,0,0.0,0.0,0.0,0.3566666666666667,0.0,6.726666666666667,0.0,0,0,0,0.0,0.0,0.0,0.0,0,0
01-21-2019,0.0,0.0,0.0,0.0,0.0,201.3227834091924,0.0,0,0.0,0.0,0.0,1.1222222222222222,0.0,7.1930555555555555,0.0,0,0,0,0.0,0.0,0.0,0.0,0,0
01-28-2019,0.0,0.0,0.0,0.0,0.0,211.60027638702226,0.0,0,0.0,0.0,0.0,0.22111111111111112,0.0,7.133055555555556,0.0,0,0,0,0.0,0.0,0.0,82.5,0,0
02-04-2019,0.0,0.0,0.0,0.19713444101958802,0.0,213.52310166902512,0.0,0,0.0,0.0,0.0,0.4075,0.0,7.259722222222222,0.0,0,0,0,0.0,0.0,0.0,102.5,0,0
02-11-2019,0.0,0.0,0.0,0.0,0.0,245.09723013346544,0.0,0,0.0,0.0,0.0,0.6594444444444445,0.0,8.553888888888888,0.0,0,0,0,0.0,0.0,0.0,144.8,0,0
02-18-2019,0.0,0.0,0.0,0.5485923275943241,0.0,247.1915032592092,0.0,0,0.0,0.0,0.0,0.08861111111111111,0.0,8.544722222222223,0.0,0,0,0,0.0,0.0,0.0,182.9,0,0
02-25-2019,0.0,0.0,0.0,0.0,0.0,265.64365389003234,0.0,0,0.0,0.0,0.0,1.0019444444444445,0.0,9.262777777777778,0.0,0,0,0,0.0,0.0,0.0,187.29999999999998,0,0
03-04-2019,0.0,0.0,0.0,0.041180100399128,0.0,27.93050502665015,0.0,0,0.0,0.0,0.0,6.065555555555556,0.8594444444444445,0.9905555555555555,0.0,0,0,0,0.0,0.0,0.0,21.2,0,0
03-11-2019,0.0,0.0,0.0,0.0,0.0,158.68282806472698,0.0,0,0.0,0.0,0.0,0.7236111111111112,0.0,5.663888888888889,0.0,0,0,0,0.0,0.0,0.0,98.4,0,0
03-18-2019,0.0,0.0,0.0,0.0,0.0,175.8761315670124,0.0,0,0.0,0.0,0.0,0.0,0.0,6.189444444444445,0.0,0,0,0,0.0,0.0,0.0,139.1,0,0
03-25-2019,0.0,0.0,0.0,0.0,0.0,248.64014580097262,0.0,0,0.0,0.0,0.0,0.72,0.0,8.756944444444445,0.0,0,0,0,0.0,0.0,0.0,249.0,0,0
04-01-2019,0.0,0.0,0.0,0.0,0.0,268.2049745901048,0.0,0,0.0,0.0,0.0,0.3452777777777778,0.0,9.531388888888888,0.0,0,0,0,0.0,0.0,0.0,195.2,0,0
04-08-2019,0.0,0.0,0.0,0.0,0.0,278.68510627979975,0.0,0,0.0,0.0,0.0,1.1825,0.0,9.711388888888889,0.0,0,0,0,0.0,0.0,0.0,190.1,0,0
04-15-2019,0.0,0.0,0.0,0.7412418071843041,0.0,114.50024985035958,0.0,0,0.0,0.0,0.0,2.183333333333333,0.0,4.330555555555556,0.0,0,0,0,0.0,0.0,0.0,54.7,0,0
04-22-2019,0.0,0.0,0.0,0.18388341861392798,0.0,206.24625174948613,0.0,0,0.0,0.0,0.0,0.010555555555555556,0.0,7.281944444444445,0.0,0,0,0,0.0,0.0,0.0,110.4,0,0
04-29-2019,0.0,0.0,0.0,0.0866413003447,0.0,239.94237855578052,0.0,0,0.0,0.0,0.0,0.39694444444444443,0.0,8.383611111111112,0.0,0,0,0,0.0,0.0,0.0,164.6,0,0
05-06-2019,0.0,0.0,0.0,0.035268105787372,0.0,219.67850736927895,0.0,0,0.0,0.0,0.0,0.007222222222222222,0.0,7.798055555555555,0.0,0,0,0,0.0,0.0,0.0,158.2,0,0
05-13-2019,0.0,0.0,0.0,0.47601749718793995,0.0,238.36509916574067,0.0,0,0.0,0.0,0.0,0.10277777777777777,0.0,8.341111111111111,0.0,0,0,0,0.0,0.0,0.0,138.0,0,0
05-20-2019,0.0,0.0,0.0,0.00305792824746,0.0,243.87793221026158,0.0,0,0.0,0.0,0.0,1.3291666666666666,0.0,8.71,0.0,0,0,0,0.0,0.0,0.0,156.2,0,0
05-27-2019,0.0,0.0,0.0,0.0,0.0,204.06268711891653,0.0,0,0.0,0.0,0.0,0.745,0.0,7.030833333333334,0.0,0,0,0,0.0,0.0,0.0,118.5,0,0
06-03-2019,0.0,0.0,0.0,0.754696691473128,0.0,231.9597587967278,0.0,0,0.0,0.0,0.0,0.6461111111111111,0.0,8.170555555555556,0.0,0,0,0,0.0,0.0,0.0,124.3,0,0
06-10-2019,0.0,0.0,0.0,0.0,0.0,239.8196537021158,0.0,0,0.0,0.0,0.0,0.5230555555555556,0.0,8.514166666666666,0.0,0,0,0,0.0,0.0,0.0,124.30000000000001,0,0
06-17-2019,0.0,0.0,0.0,0.019163017017416,0.0,249.93487262094715,0.0,0,0.0,0.0,0.0,0.005277777777777778,0.0,8.731111111111112,0.0,0,0,0,0.0,0.0,0.0,166.3,0,0
06-24-2019,0.0,0.0,0.0,0.0,0.0,248.52741017958292,0.0,0,0.0,0.0,0.0,0.0,0.0,8.8575,0.0,0,0,0,0.0,0.0,0.0,535.2,0,0
07-01-2019,0.0,0.0,0.0,0.0,46.2489222621177,236.9668105091188,0.0,0,0.0,0.0,0.0,0.32722222222222225,1.4461111111111111,8.690555555555555,0.0,0,0,0,0.0,0.0,51.1,186.70000000000002,0,0
07-08-2019,0.0,0.0,0.0,4.151851112518024,299.7381268160292,58.107160282001246,0.0,0,0.0,0.0,0.0,1.1177777777777778,5.792777777777777,2.1825,0.0,0,0,0,0.0,7.8,328.3,37.9,0,0
07-15-2019,0.0,0.0,0.0,0.0,474.0214854898813,0.0,0.0,0,0.0,0.0,0.0,3.7744444444444447,7.981111111111112,0.0,0.0,0,0,0,0.0,0.0,441.7,0.0,0,0
07-22-2019,0.0,0.0,0.0,0.30049241578373603,878.7607138483603,0.0,0.0,0,0.0,0.0,0.0,0.03138888888888889,13.865,0.0,0.0,0,0,0,0.0,0.0,1029.1,0.0,0,0
07-29-2019,0.0,0.0,0.0,0.0,715.4100602448273,0.0,0.0,0,0.0,0.0,0.0,0.0,11.392777777777777,0.0,0.0,0,0,0,0.0,0.0,1199.4,0.0,0,0
08-05-2019,0.0,0.0,0.0,0.0,722.3016112051862,0.0,0.0,0,0.0,0.0,0.0,0.0,11.665555555555555,0.0,0.0,0,0,0,0.0,0.0,1531.6,0.0,0,0
08-12-2019,0.0,0.0,0.0,0.0,773.1973612321442,0.0,0.0,0,0.0,0.0,0.0,0.0,12.790277777777778,0.0,0.0,0,0,0,0.0,0.0,2066.0,0.0,0,0
08-19-2019,0.0,0.0,0.0,0.0,839.9221710392541,0.0,0.0,0,0.0,0.0,0.0,0.0,13.09,0.0,0.0,0,0,0,0.0,0.0,1240.4,0.0,0,0
08-26-2019,0.0,0.0,0.0,0.0,856.5966460488871,0.0,0.0,0,0.0,0.0,0.0,0.0,13.176388888888889,0.0,0.0,0,0,0,0.0,0.0,2400.2,0.0,0,0
09-02-2019,0.0,0.0,0.0,93.54895639382899,372.87031561098354,0.0,0.0,0,0.0,0.0,0.0,12.749444444444444,6.6125,0.0,0.0,0,0,0,0.0,2889.9,916.8,0.0,0,0
09-09-2019,0.0,0.0,0.0,27.38109725152317,414.4487621298141,22.166718003954376,0.0,0,0.0,0.0,0.0,3.7474999999999996,6.177777777777777,0.7538888888888888,0.0,0,0,0,0.0,580.0,682.0,34.6,0,0
09-16-2019,0.0,0.0,0.0,0.0,603.5700041078746,74.81547636423953,0.0,0,0.0,0.0,0.0,0.32472222222222225,9.26388888888889,2.5972222222222223,0.0,0,0,0,0.0,0.0,631.0,22.5,0,0
09-23-2019,0.0,0.0,0.0,0.0,368.89623206058457,104.53140376363999,0.0,0,0.0,0.0,0.0,1.0677777777777777,5.661944444444444,3.6197222222222223,0.0,0,0,0,0.0,0.0,1210.6,74.89999999999999,0,0
09-30-2019,0.0,0.0,0.0,0.0,893.5470200961283,0.0,0.0,0,0.0,0.0,0.0,0.0,13.955833333333334,0.0,0.0,0,0,0,0.0,0.0,1156.0,0.0,0,0
10-07-2019,0.0,0.0,0.0,0.0,705.2909679502158,7.074211207673963,0.0,0,0.0,0.0,0.0,0.0,10.151944444444444,0.24,0.0,0,0,0,0.0,0.0,1071.2,9.5,0,0
10-14-2019,0.0,0.0,0.0,0.0,421.9139804293966,77.29994113435919,0.0,0,0.0,0.0,0.0,0.0,5.986111111111111,2.768611111111111,0.0,0,0,0,0.0,0.0,672.0,63.6,0,0
10-21-2019,0.0,0.0,0.0,0.0,435.7015673115442,83.16463978922114,0.0,0,0.0,0.0,0.0,0.38055555555555554,6.623611111111111,3.084722222222222,0.0,0,0,0,0.0,0.0,2769.6,65.0,0,0
10-28-2019,0.0,0.0,0.0,0.0,145.65054945970195,83.38032566160865,0.0,0,0.0,0.0,0.0,0.0,2.5761111111111115,2.894722222222222,0.0,0,0,0,0.0,0.0,1638.0,74.8,0,0
11-04-2019,0.0,0.0,0.0,0.0,153.94507789999562,116.46690543724269,0.0,0,0.0,0.0,0.0,0.0,2.5697222222222225,3.902222222222222,0.0,0,0,0,0.0,0.0,1510.0,73.7,0,0
11-11-2019,0.0,0.0,0.0,0.0,274.61011109723455,64.49394921964621,0.0,0,0.0,0.0,0.0,0.0,3.7855555555555553,2.386111111111111,0.0,0,0,0,0.0,0.0,1684.0,38.2,0,0
11-18-2019,0.0,0.0,0.0,0.0,77.37557389301304,105.47569200645563,0.0,0,0.0,0.0,0.0,0.0,1.0061111111111112,3.6766666666666667,0.0,0,0,0,0.0,0.0,184.0,106.9,0,0
11-25-2019,0.0,0.0,0.0,0.13352953347242,0.0,114.62990600805188,0.0,0,0.0,0.0,0.0,0.018055555555555554,0.0,3.9475,0.0,0,0,0,0.0,0.0,0.0,79.0,0,0
12-02-2019,0.0,0.0,0.0,0.0,0.0,30.82840169582641,0.0,0,0.0,0.0,0.0,0.0,0.0,1.005,0.0,0,0,0,0.0,0.0,0.0,23.6,0,0
12-09-2019,0.0,0.0,0.0,66.31076632240377,0.0,136.25700160727115,0.0,0,0.0,0.0,0.0,7.6049999999999995,0.0,4.846666666666667,0.0,0,0,0,0.0,1211.0,0.0,272.90000000000003,0,0
12-16-2019,0.0,0.0,0.0,7.74063570373708,0.0,157.86534191323935,0.0,0,0.0,0.0,0.0,0.8975,0.0,5.8197222222222225,0.0,0,0,0,0.0,67.3,0.0,489.4,0,0
12-23-2019,0.0,0.0,0.0,0.086233576578372,0.0,189.1781194434634,0.0,0,0.0,0.0,0.0,0.018055555555555554,0.0,6.491111111111111,0.0,0,0,0,0.0,0.0,0.0,773.6,0,0
12-30-2019,0.0,0.0,0.0,5.171364390221187,2.492823107329392,134.2067626482908,0.0,0,0.0,0.0,0.0,0.9675,0.45555555555555555,4.655833333333334,0.0,0,0,0,0.0,2.6,6.5,270.5,0,0
01-06-2020,0.0,0.0,0.0,0.0,0.0,200.26657499251968,0.0,0,0.0,0.0,0.0,0.0,0.0,6.969166666666666,0.0,0,0,0,0.0,0.0,0.0,202.1,0,0
01-13-2020,0.0,0.0,0.0,0.0,39.80362496400467,127.69663727133164,0.0,0,0.0,0.0,0.0,0.6808333333333334,1.2025,4.443333333333333,0.0,0,0,0,0.0,0.0,1058.0,103.7,0,0
01-20-2020,0.0,0.0,0.0,0.653785059306948,222.46611475966347,108.24658272242073,0.0,0,0.0,0.0,0.0,0.43638888888888894,2.975277777777778,3.5811111111111114,0.0,0,0,0,0.0,0.0,681.0,106.3,0,0
01-27-2020,0.0,0.0,0.0,0.0,153.82479938892885,133.31466304756515,0.0,0,0.0,0.0,0.0,0.30833333333333335,2.180833333333333,4.498055555555555,0.0,0,0,0,0.0,0.0,1165.0,114.1,0,0
02-03-2020,0.0,0.0,0.0,0.0,110.47866648118335,88.91028310431533,0.0,0,0.0,0.0,0.0,0.0961111111111111,1.5205555555555557,3.1019444444444444,0.0,0,0,0,0.0,0.0,392.0,66.19999999999999,0,0
02-10-2020,0.0,0.0,0.0,0.0,211.6251475367683,114.25785807127758,0.0,0,0.0,0.0,0.0,0.4444444444444444,2.7941666666666665,3.899166666666667,0.0,0,0,0,0.0,0.0,335.0,94.4,0,0
02-17-2020,0.0,0.0,0.0,0.40874307574382,74.87622720542241,43.69901782750239,0.0,0,0.0,0.0,0.0,0.012777777777777779,1.0116666666666667,1.4566666666666666,0.0,0,0,0,0.0,0.0,481.0,32.9,0,0
02-24-2020,0.0,0.0,0.0,0.0,0.0,43.696367623021246,0.0,0,0.0,0.0,0.0,0.0,0.0,1.4702777777777776,0.0,0,0,0,0.0,0.0,0.0,33.0,0,0
03-02-2020,0.0,0.0,0.0,0.0,0.0,134.74047305841415,0.0,0,0.0,0.0,0.0,0.0,0.0,4.6194444444444445,0.0,0,0,0,0.0,0.0,0.0,94.69999999999999,0,0
03-09-2020,0.0,0.0,0.0,0.0,74.86684955879686,88.31786047184073,0.0,0,0.0,0.0,0.0,0.0,1.021388888888889,3.1483333333333334,0.0,0,0,0,0.0,0.0,479.0,67.5,0,0
03-16-2020,0.0,0.0,0.0,0.0,435.001505604759,56.2375429515042,0.0,0,0.0,0.0,0.0,0.0,6.385833333333333,1.8980555555555556,0.0,0,0,0,0.0,0.0,1738.0,51.4,0,0
03-23-2020,0.0,0.0,0.0,0.0,635.279496862736,74.3376241101031,0.0,0,0.0,0.0,0.0,0.0,8.900277777777777,2.484166666666667,0.0,0,0,0,0.0,0.0,2353.0,52.1,0,0
03-30-2020,0.0,0.0,0.0,0.0,338.8622801234483,116.80062733998216,0.0,0,0.0,0.0,0.0,0.0,4.520277777777778,4.000555555555556,0.0,0,0,0,0.0,0.0,898.0,53.9,0,0
04-06-2020,0.0,0.0,0.0,0.0,105.0799960912343,151.35358564121486,0.0,0,0.0,0.0,0.0,0.0,1.3583333333333334,5.286944444444444,0.0,0,0,0,0.0,0.0,385.0,86.2,0,0
04-13-2020,0.0,0.0,0.0,0.0,170.23058443655174,84.28934579863693,0.0,0,0.0,0.0,0.0,0.0,2.424166666666667,2.9755555555555553,0.0,0,0,0,0.0,0.0,936.0,42.3,0,0
04-20-2020,0.0,0.0,0.0,0.0,363.36158579456514,120.18065736284129,0.0,0,0.0,0.0,0.0,0.0,4.977777777777778,4.262777777777778,0.0,0,0,0,0.0,0.0,1196.0,69.9,0,0
04-27-2020,0.0,0.0,0.0,0.0,0.0,185.57282203970806,0.0,0,0.0,0.0,0.0,0.0,0.0,6.546388888888889,0.0,0,0,0,0.0,0.0,0.0,188.79999999999998,0,0
05-04-2020,0.0,0.0,0.0,0.0,121.77648818424909,198.01532821673965,0.0,0,0.0,0.0,0.0,0.0,1.7191666666666667,6.931111111111111,0.0,0,0,0,0.0,0.0,402.0,135.6,0,0
05-11-2020,0.0,0.0,0.0,0.0,0.0,184.70049704164933,0.0,0,0.0,0.0,0.0,0.0,0.0,6.857777777777778,0.0,0,0,0,0.0,0.0,0.0,72.7,0,0
05-18-2020,0.0,0.0,0.0,20.011897898910895,98.84161860453274,122.03641208528317,0.0,0,0.0,0.0,0.0,2.0575,1.7061111111111111,4.936388888888889,0.0,0,0,0,0.0,320.2,534.0,953.9000000000001,0,0
05-25-2020,0.0,0.0,0.0,1.21705544248908,164.2276674249046,176.98575179707404,0.0,0,0.0,0.0,0.0,0.21055555555555555,2.6230555555555557,6.823888888888889,0.0,0,0,0,0.0,0.0,766.0,1210.5,0,0
06-01-2020,0.0,0.0,0.0,10.728231601505502,159.60713784299256,197.37316328477306,0.0,0,0.0,0.0,0.0,1.1080555555555556,2.525833333333333,7.5713888888888885,0.0,0,0,0,0.0,171.8,752.0,1418.0,0,0
06-08-2020,0.0,0.0,0.0,32.80993920018049,399.85857101364974,127.9771512225653,0.0,0,0.0,0.0,0.0,4.639722222222222,7.285833333333334,5.178055555555556,0.0,0,0,0,0.0,1028.3,2246.0,956.9,0,0
06-15-2020,0.0,0.0,0.0,0.0,984.0464065797072,41.807791137389955,0.267874514477496,0,0.0,0.0,0.0,0.0,16.930277777777775,1.8897222222222223,0.2336111111111111,0,0,0,0.0,0.0,5972.0,265.4,0,0
06-22-2020,0.0,0.0,0.0,1.943619194085576,247.78107182531951,60.46930792222251,0.0,0,0.0,0.0,0.0,0.33666666666666667,4.073888888888889,2.408333333333333,0.0,0,0,0,0.0,2.0,947.0,88.5,0,0
06-29-2020,0.0,0.0,0.0,0.0,393.30543077934294,66.15664673873178,0.0,0,0.0,0.0,0.0,0.0,6.165555555555556,2.6494444444444443,0.0,0,0,0,0.0,0.0,622.4,108.9,0,0
07-06-2020,0.0,0.0,0.0,14.423024371969834,281.84516933072496,122.39969396108143,0.0,0,0.0,0.0,0.0,1.4133333333333333,4.568888888888889,4.405555555555556,0.0,0,0,0,0.0,25.5,493.0,253.3,0,0
07-13-2020,0.0,0.0,0.0,0.0,1019.7921607593324,19.95135091961119,0.0,0,0.0,0.0,0.0,0.0,16.650555555555556,0.6752777777777778,0.0,0,0,0,0.0,0.0,1712.0,23.0,0,0
07-20-2020,0.0,0.0,0.0,0.0,433.52350695182,56.609590888278504,0.0,0,0.0,0.0,0.0,0.0,7.047499999999999,1.9683333333333333,0.0,0,0,0,0.0,0.0,680.7,83.0,0,0
07-27-2020,0.0,0.0,0.0,36.80828231467602,0.0,117.77284466079128,0.0,0,0.0,0.0,0.0,3.925,0.0,4.331666666666667,0.0,0,0,0,0.0,665.8,0.0,435.8,0,0
08-03-2020,0.0,0.0,0.0,0.0,335.20642497266823,87.92726110369851,0.0,0,0.0,0.0,0.0,0.0,5.598888888888888,3.270555555555555,0.0,0,0,0,0.0,0.0,1064.0,71.4,0,0
08-10-2020,0.0,0.0,0.0,0.0,716.5783926972401,0.0,0.0,0,0.0,0.0,0.0,0.0,12.408333333333333,0.0,0.0,0,0,0,0.0,0.0,3213.0,0.0,0,0
08-17-2020,0.0,0.0,0.0,13.738660030188289,433.97179923289764,6.2377659010520725,0.0,0,0.0,0.0,0.0,1.596111111111111,7.598611111111111,0.28583333333333333,0.0,0,0,0,0.0,135.9,1776.9,2.6,0,0
08-24-2020,0.0,0.0,0.0,0.0,375.99082945657494,40.052744185231084,0.0,0,0.0,0.0,0.0,0.0,6.1375,1.3402777777777777,0.0,0,0,0,0.0,0.0,1243.0,49.6,0,0
08-31-2020,0.0,0.0,0.0,0.0,529.3642786361787,61.08680556632628,0.0,0,0.0,0.0,0.0,0.0,9.244166666666667,2.088888888888889,0.0,0,0,0,0.0,0.0,1797.0,116.5,0,0
09-07-2020,0.0,0.0,0.0,0.0,354.1246038684043,72.66962618205525,0.0,0,0.0,0.0,0.0,0.0,5.745833333333334,2.4444444444444446,0.0,0,0,0,0.0,0.0,1967.0,92.4,0,0
09-14-2020,0.0,0.0,0.0,3.761047882492636,0.0,124.72514646233316,0.0,0,0.0,0.0,0.0,0.6133333333333333,0.0,4.473611111111111,0.0,0,0,0,0.0,0.0,0.0,551.8000000000001,0,0
09-21-2020,0.0,0.0,0.0,15.108204161284041,20.65426669276066,71.4892658785357,0.0,0,0.0,0.0,0.0,1.4858333333333333,0.6391666666666667,2.9561111111111114,0.0,0,0,0,0.0,14.6,374.0,184.9,0,0
09-28-2020,0.0,0.0,0.0,8.547317175417028,109.46893857387208,15.518578132093173,0.0,0,0.0,0.0,0.0,0.8980555555555556,1.5805555555555555,0.6658333333333334,0.0,0,0,0,0.0,25.0,456.0,27.5,0,0
10-05-2020,0.0,0.0,0.0,0.0,167.9051319353,46.26604666030347,0.0,0,0.0,0.0,0.0,0.0,3.093888888888889,1.7355555555555555,0.0,0,0,0,0.0,0.0,1616.0,41.5,0,0
10-12-2020,0.0,0.0,0.0,9.888524504752985,116.01535136603444,98.31116998454002,0.0,0,0.0,0.0,0.0,0.8558333333333333,2.1002777777777775,3.397777777777778,0.0,0,0,0,0.0,9.5,1311.0,90.0,0,0
10-19-2020,0.0,0.0,0.0,0.0,103.20202042352753,72.78582745545873,0.0,0,0.0,0.0,0.0,0.0,2.129722222222222,2.7094444444444443,0.0,0,0,0,0.0,0.0,1225.0,96.60000000000001,0,0
10-26-2020,0.0,0.0,0.0,0.0,81.54393781806735,103.87150284783812,0.0,0,0.0,0.0,0.0,0.0,1.7816666666666667,3.8230555555555554,0.0,0,0,0,0.0,0.0,1015.0,135.6,0,0
11-02-2020,0.0,0.0,0.0,0.0,174.71941924193987,103.74490461839328,0.0,0,0.0,0.0,0.0,0.0,3.057777777777778,3.6969444444444446,0.0,0,0,0,0.0,0.0,418.0,118.8,0,0
11-09-2020,0.0,0.0,0.0,15.340810569974163,137.63836972759043,111.6596383703524,0.0,0,0.0,0.0,0.0,1.5894444444444444,2.1038888888888887,4.056111111111111,0.0,0,0,0,0.0,18.6,437.0,162.1,0,0
11-16-2020,0.0,0.0,0.0,12.492044614640427,134.50990526855568,132.0770175548765,0.0,0,0.0,0.0,0.0,1.2133333333333334,2.522222222222222,4.483333333333333,0.0,0,0,0,0.0,17.9,1340.0,169.8,0,0
11-23-2020,0.0,0.0,0.0,32.26705500531475,130.35458850402387,104.37096446158992,0.0,0,0.0,0.0,0.0,3.3922222222222222,1.6708333333333334,3.8225,0.0,0,0,0,0.0,311.6,312.0,846.8,0,0
11-30-2020,0.0,0.0,0.0,0.0,123.92519243279764,135.43299187552228,0.0,0,0.0,0.0,0.0,0.0,2.275,5.233333333333333,0.0,0,0,0,0.0,0.0,1217.0,1464.5,0,0
12-07-2020,0.0,0.0,0.0,0.0,485.6982864337489,32.465412617633326,0.0,0,0.0,0.0,0.0,0.0,7.279166666666667,1.3675000000000002,0.0,0,0,0,0.0,0.0,3106.0,215.9,0,0
12-14-2020,0.0,0.0,0.0,0.0,330.0817449536916,50.516974648039195,0.0,0,0.0,0.0,0.0,0.0,5.411388888888889,2.1994444444444445,0.0,0,0,0,0.0,0.0,2699.0,407.6,0,0
12-21-2020,0.0,0.0,0.0,10.867673129589676,388.69468656782277,61.682693850814644,0.0,0,0.0,0.0,0.0,1.5797222222222222,5.504444444444444,2.1430555555555557,0.0,0,0,0,0.0,87.8,1657.0,506.7,0,0
12-28-2020,0.0,0.0,0.0,19.246396527630075,699.7279848824365,83.05435051042943,0.0,0,0.0,0.0,0.0,2.3655555555555554,9.910555555555556,3.0877777777777777,0.0,0,0,0,0.0,271.1,2672.0,550.2,0,0
01-04-2021,0.0,0.0,0.0,0.0,312.1298713841529,111.88837140326243,0.0,0,0.0,0.0,0.0,0.0,4.1475,3.7591666666666668,0.0,0,0,0,0.0,0.0,416.0,690.0,0,0
01-11-2021,0.0,0.0,0.0,0.0,347.1301026570475,133.14423451324004,0.0,0,0.0,0.0,0.0,0.0,4.936111111111111,4.546111111111111,0.0,0,0,0,0.0,0.0,1904.0,224.20000000000002,0,0
01-18-2021,0.0,0.0,0.0,0.0,257.9272777503918,137.2608175199707,0.0,0,0.0,0.0,0.0,0.0,3.6683333333333334,4.821666666666667,0.0,0,0,0,0.0,0.0,672.0,301.2,0,0
01-25-2021,0.0,0.0,0.0,2.547050368251016,179.16197739984977,139.70654853228922,0.0,0,0.0,0.0,0.0,0.3125,3.098055555555556,4.764722222222222,0.0,0,0,0,0.0,0.0,1419.0,194.8,0,0
02-01-2021,0.0,0.0,0.0,0.0,194.97595140064757,148.84669606394715,0.0,0,0.0,0.0,0.0,0.0,3.012777777777778,5.167222222222222,0.0,0,0,0,0.0,0.0,927.0,158.39999999999998,0,0
02-08-2021,0.0,0.0,0.0,0.0,209.9420638293663,148.96656685124756,0.0,0,0.0,0.0,0.0,0.0,3.015277777777778,5.425277777777778,0.0,0,0,0,0.0,0.0,485.0,206.8,0,0
02-15-2021,0.0,0.0,0.0,12.968265973711533,163.4631853630396,157.281889203624,0.0,0,0.0,0.0,0.0,1.2869444444444444,2.6777777777777776,5.570555555555556,0.0,0,0,0,0.0,15.1,916.0,184.6,0,0
02-22-2021,0.0,0.0,0.0,10.162311013842237,134.5596475680477,168.0201100374045,0.0,0,0.0,0.0,0.0,1.0325,1.7511111111111113,5.945833333333333,0.0,0,0,0,0.0,8.9,484.0,312.2,0,0
03-01-2021,0.0,0.0,0.0,0.0,34.63817256839524,168.47900313640667,0.0,0,0.0,0.0,0.0,0.0,0.5219444444444444,6.076944444444445,0.0,0,0,0,0.0,0.0,137.0,296.4,0,0
03-08-2021,0.0,0.0,0.0,6.571691665674703,0.0,167.7363342960402,0.0,0,0.0,0.0,0.0,0.5777777777777777,0.0,5.938055555555556,0.0,0,0,0,0.0,9.7,0.0,201.8,0,0
03-15-2021,0.0,0.0,0.0,26.24680973359867,0.0,185.6021781508837,0.0,0,0.0,0.0,0.0,2.0,0.0,6.5575,0.0,0,0,0,0.0,0.0,0.0,296.8,0,0
03-22-2021,0.0,0.0,0.0,0.0,0.0,171.6109332474552,0.0,0,0.0,0.0,0.0,0.0,0.0,6.110277777777778,0.0,0,0,0,0.0,0.0,0.0,364.79999999999995,0,0
03-29-2021,0.0,0.0,0.0,22.068048852502997,0.0,106.53964717468855,0.0,0,0.0,0.0,0.0,2.3855555555555554,0.0,4.0152777777777775,0.0,0,0,0,0.0,396.6,0.0,282.3,0,0
04-05-2021,0.0,0.0,0.0,21.881311367524777,0.0,167.02363315249886,0.0,0,0.0,0.0,0.0,2.5569444444444445,0.0,6.006944444444445,0.0,0,0,0,0.0,357.6,0.0,232.7,0,0
04-12-2021,0.0,0.0,0.0,0.0,0.0,91.06143369546184,0.0,0,0.0,0.0,0.0,0.0,0.0,3.5644444444444443,0.0,0,0,0,0.0,0.0,0.0,93.6,0,0
04-19-2021,0.0,0.0,0.0,0.0,0.0,109.22573134725741,0.0,0,0.0,0.0,0.0,0.0,0.0,4.073611111111111,0.0,0,0,0,0.0,0.0,0.0,143.4,0,0
04-26-2021,0.0,0.0,0.0,0.0,0.0,99.56981325119455,0.0,0,0.0,0.0,0.0,0.0,0.0,3.611388888888889,0.0,0,0,0,0.0,0.0,0.0,109.2,0,0
05-03-2021,0.0,0.0,0.0,0.0,0.0,107.95648726267835,0.0,0,0.0,0.0,0.0,0.0,0.0,3.7872222222222223,0.0,0,0,0,0.0,0.0,0.0,198.0,0,0
05-10-2021,0.0,0.0,0.0,0.0,0.0,138.4874544709685,0.0,0,0.0,0.0,0.0,0.0,0.0,4.84,0.0,0,0,0,0.0,0.0,0.0,192.7,0,0
05-17-2021,0.0,0.0,0.0,0.0,124.68518953323301,76.47083485553121,0.0,0,0.0,0.0,0.0,0.0,2.174166666666667,2.774166666666667,0.0,0,0,0,0.0,0.0,413.0,127.0,0,0
05-24-2021,0.0,0.0,0.0,0.0,0.0,121.22993447548637,0.0,0,0.0,0.0,0.0,0.0,0.0,4.405555555555556,0.0,0,0,0,0.0,0.0,0.0,169.9,0,0
05-31-2021,0.0,0.0,0.0,0.0,155.03166173725972,129.42151266478223,0.0,0,0.0,0.0,0.0,0.0,2.658333333333333,4.721111111111111,0.0,0,0,0,0.0,0.0,601.0,198.79999999999998,0,0
06-07-2021,0.0,0.0,0.0,0.0,0.0,128.27743977646588,0.0,0,0.0,0.0,0.0,0.0,0.0,4.526944444444444,0.0,0,0,0,0.0,0.0,0.0,516.3000000000001,0,0
06-14-2021,0.0,0.0,0.0,15.522655369756452,159.39777168898314,134.94657742229296,0.0,0,0.0,0.0,0.0,1.7697222222222222,2.6911111111111112,5.085833333333333,0.0,0,0,0,0.0,35.7,636.0,175.4,0,0
06-21-2021,0.0,0.0,0.0,8.267822533599183,103.94489312577716,163.96366628620723,0.0,0,0.0,0.0,0.0,0.8027777777777778,1.7066666666666668,5.705,0.0,0,0,0,0.0,10.4,383.0,304.4,0,0
06-28-2021,0.0,0.0,0.0,10.580635598094766,60.48194735897869,53.39244651006742,0.0,0,0.0,0.0,0.0,1.0533333333333332,1.0072222222222222,2.2391666666666667,0.0,0,0,0,0.0,7.4,370.0,241.79999999999998,0,0
07-05-2021,0.0,0.0,0.0,19.440473040402203,121.6714993144196,117.11498236382104,0.0,0,0.0,0.0,0.0,2.1919444444444443,2.4105555555555553,4.11,0.0,0,0,0,0.0,37.5,443.0,133.8,0,0
07-12-2021,0.0,0.0,0.0,0.0,32.969359192814736,140.2406666661789,0.0,0,0.0,0.0,0.0,0.0,0.49694444444444447,4.797777777777777,0.0,0,0,0,0.0,0.0,90.0,181.8,0,0
07-19-2021,0.0,0.0,0.0,5.2790034645317805,0.0,141.991024795025,0.0,0,0.0,0.0,0.0,0.48444444444444446,0.0,5.020833333333333,0.0,0,0,0,0.0,2.7,0.0,202.1,0,0
07-26-2021,0.0,0.0,0.0,7.89353211611008,0.0,159.19146346322117,0.0,0,0.0,0.0,0.0,0.8408333333333333,0.0,5.605555555555555,0.0,0,0,0,0.0,20.6,0.0,193.70000000000002,0,0
08-02-2021,0.0,0.0,0.0,29.174877961483205,65.82149780281017,130.99981136423793,0.0,0,0.0,0.0,0.0,2.7313888888888886,1.2844444444444445,4.666388888888889,0.0,0,0,0,0.0,10.8,375.0,361.4,0,0
08-09-2021,0.0,0.0,0.0,40.481261863641805,326.7716395567577,155.0918009927931,0.0,0,0.0,0.0,0.0,4.164444444444444,6.488611111111111,5.554444444444444,0.0,0,0,0,0.0,86.8,1180.0,453.9,0,0
08-16-2021,0.0,0.0,0.0,12.012561465438699,133.0017350569084,163.27624401617823,0.0,0,0.0,0.0,0.0,1.2336111111111112,2.735,5.933055555555556,0.0,0,0,0,0.0,22.4,607.0,217.5,0,0
08-23-2021,0.0,0.0,0.0,17.863193650362334,0.0,153.63928507524963,0.0,0,0.0,0.0,0.0,1.4252777777777779,0.0,5.368611111111111,0.0,0,0,0,0.0,33.5,0.0,197.20000000000002,0,0
08-30-2021,0.0,0.0,0.0,40.35833314809392,0.0,192.89961812062222,0.0,0,0.0,0.0,0.0,4.045833333333333,0.0,6.733055555555556,0.0,0,0,0,0.0,35.0,0.0,303.2,0,0
09-06-2021,0.0,0.0,0.0,51.49408465404425,108.28613192775454,199.51595553870985,0.0,0,0.0,0.0,0.0,5.046388888888889,2.0152777777777775,6.8502777777777775,0.0,0,0,0,0.0,31.7,424.0,167.8,0,0
09-13-2021,0.0,0.0,0.0,23.74012401821413,30.1154966904019,114.8121585316005,0.0,0,0.0,0.0,0.0,2.290277777777778,1.1977777777777778,3.947222222222222,0.0,0,0,0,0.0,25.5,121.7,103.0,0,0
09-20-2021,0.0,0.0,0.0,0.0,0.0,127.42570482860668,0.0,0,0.0,0.0,0.0,0.0,0.0,4.4527777777777775,0.0,0,0,0,0.0,0.0,0.0,107.7,0,0
09-27-2021,0.0,0.0,0.0,16.097138156512607,0.0,148.8526080585589,0.0,0,0.0,0.0,0.0,1.6716666666666669,0.0,5.111111111111112,0.0,0,0,0,0.0,13.899999999999999,0.0,152.5,0,0
10-04-2021,0.0,0.0,0.0,0.0,0.0,91.12565018865851,0.0,0,0.0,0.0,0.0,0.0,0.0,3.1291666666666664,0.0,0,0,0,0.0,0.0,0.0,71.9,0,0
10-11-2021,0.0,0.0,12.259030482183976,0.0,0.0,118.73833453945598,0.0,0,0.0,0.0,1.1155555555555556,0.0,0.0,4.042777777777777,0.0,0,0,0,2.1,0.0,0.0,75.4,0,0
10-18-2021,0.0,0.0,0.0,0.0,0.0,92.30376801146326,0.0,0,0.0,0.0,0.0,0.0,0.0,3.4483333333333333,0.0,0,0,0,0.0,0.0,0.0,85.8,0,0
10-25-2021,0.0,0.0,0.0,0.0,0.0,101.67529878051235,0.0,0,0.0,0.0,0.0,0.0,0.0,3.5725,0.0,0,0,0,0.0,0.0,0.0,144.9,0,0
11-01-2021,0.0,0.0,0.0,0.0,0.0,131.4313869708961,0.0,0,0.0,0.0,0.0,0.0,0.0,4.547777777777778,0.0,0,0,0,0.0,0.0,0.0,149.9,0,0
11-08-2021,0.0,0.0,0.0,0.0,0.0,116.53193737797201,0.0,0,0.0,0.0,0.0,0.0,0.0,4.024166666666666,0.0,0,0,0,0.0,0.0,0.0,82.3,0,0
11-15-2021,0.0,0.0,0.0,0.0,0.0,143.7334323104277,0.0,0,0.0,0.0,0.0,0.0,0.0,5.025277777777777,0.0,0,0,0,0.0,0.0,0.0,104.5,0,0
11-22-2021,0.0,0.0,0.0,0.0,0.0,137.43756577267388,0.0,0,0.0,0.0,0.0,0.0,0.0,5.136111111111111,0.0,0,0,0,0.0,0.0,0.0,88.1,0,0
11-29-2021,0.0,0.0,0.0,0.0,3.886015216872168,179.666943284447,0.0,0,0.0,0.0,0.0,0.5336111111111111,0.15805555555555556,6.315833333333333,0.0,0,0,0,0.0,0.0,6.6,182.0,0,0
12-06-2021,0.0,0.0,0.0,0.0,0.0,172.51893407506768,0.0,0,0.0,0.0,0.0,0.0,0.0,6.0777777777777775,0.0,0,0,0,0.0,0.0,0.0,217.0,0,0
12-13-2021,0.0,0.0,0.0,6.197808971951928,0.0,169.78494235995527,0.0,0,0.0,0.0,0.0,0.5663888888888889,0.0,6.259166666666667,0.0,0,0,0,0.0,13.1,0.0,144.5,0,0
12-20-2021,0.0,0.0,0.0,8.112072054861887,0.0,190.71483031875363,0.0,0,0.0,0.0,0.0,1.3030555555555556,0.0,7.095277777777778,0.0,0,0,0,0.0,23.9,0.0,1326.1,0,0
12-27-2021,0.0,0.0,0.0,8.194024531893817,53.057501436028964,199.8623168782055,0.0,0,0.0,0.0,0.0,0.981111111111111,1.3002777777777776,7.059166666666666,0.0,0,0,0,0.0,112.4,450.7,193.3,0,0
01-03-2022,0.0,5.038446442398261,0.0,15.031144369448047,36.59178099475585,201.23573438508134,0.0,0,0.0,0.5102777777777778,0.0,1.4783333333333333,0.5063888888888889,7.380833333333333,0.0,0,0,0,0.0,15.7,30.0,328.2,0,0
01-10-2022,0.0,0.0,0.0,0.0,29.741002411029633,176.91195379536867,0.0,0,0.0,0.0,0.0,0.2461111111111111,0.4461111111111111,6.543611111111111,0.0,0,0,0,0.0,0.0,103.0,109.60000000000001,0,0
01-17-2022,0.0,0.0,0.0,9.76294558472396,39.36226398695461,214.6115202632377,0.0,0,0.0,0.0,0.0,1.0230555555555556,0.7575,7.392777777777778,0.0,0,0,0,0.0,6.6,302.0,154.2,0,0
01-24-2022,0.0,0.0,0.0,0.0,27.72052728699123,218.0341574196781,0.0,0,0.0,0.0,0.0,0.0,1.005,7.8997222222222225,0.0,0,0,0,0.0,0.0,721.0,177.1,0,0
01-31-2022,0.0,0.0,0.0,0.0,30.704249808979533,219.52928047080292,0.0,0,0.0,0.0,0.0,0.0,0.4588888888888889,8.183333333333334,0.0,0,0,0,0.0,0.0,84.0,238.7,0,0
02-07-2022,0.0,0.0,0.0,0.0,6.737839100453365,184.4768605558184,0.0,0,0.0,0.0,0.0,0.0,0.10583333333333333,6.765833333333333,0.0,0,0,0,0.0,0.0,30.0,336.5,0,0
02-14-2022,0.0,0.0,0.0,0.0,0.0,94.18459774553433,0.0,0,0.0,0.0,0.0,0.0,0.0,3.2669444444444444,0.0,0,0,0,0.0,0.0,0.0,96.7,0,0
02-21-2022,0.0,0.0,0.0,0.0,55.314660206420776,149.6374763087403,0.0,0,0.0,0.0,0.0,0.0,0.9227777777777777,5.656666666666666,0.0,0,0,0,0.0,0.0,295.0,152.5,0,0
02-28-2022,0.0,0.0,0.0,0.0,84.3462232640397,212.2157354122944,0.0,0,0.0,0.0,0.0,0.0,1.8697222222222223,7.6125,0.0,0,0,0,0.0,0.0,1236.0,178.89999999999998,0,0
03-07-2022,0.0,0.0,0.0,0.0,45.194344740510324,186.67061828054622,0.0,0,0.0,0.0,0.0,0.0,1.361111111111111,6.749722222222222,0.0,0,0,0,0.0,0.0,1071.0,164.2,0,0
03-21-2022,0.0,0.0,0.0,0.0,0.0,167.2024200240337,0.0,0,0.0,0.0,0.0,0.0,0.0,6.001388888888889,0.0,0,0,0,0.0,0.0,0.0,134.3,0,0
03-28-2022,0.0,0.0,0.0,44.08268589161703,160.59036370549254,72.27066847670332,0.0,0,0.0,0.0,0.0,4.373055555555556,3.1658333333333335,2.8922222222222222,0.0,0,0,0,0.0,1142.8,1580.0,599.4000000000001,0,0
04-04-2022,0.0,0.0,0.0,0.0,204.60353269495062,166.40491233709614,0.0,0,0.0,0.0,0.0,0.0,3.1269444444444447,5.868888888888889,0.0,0,0,0,0.0,0.0,492.6,398.5,0,0
04-11-2022,0.0,0.0,0.0,22.965856585957255,146.03319821440078,125.24744060699933,0.0,0,0.0,0.0,0.0,1.75,2.358611111111111,4.457777777777778,0.0,0,0,0,0.0,0.0,472.0,118.2,0,0
04-18-2022,0.0,0.0,0.0,0.0,408.6558228578258,194.9345674383653,0.0,0,0.0,0.0,0.0,0.0,7.345555555555555,7.120555555555555,0.0,0,0,0,0.0,0.0,2202.6,328.1,0,0
04-25-2022,0.0,0.0,0.0,8.084958424401076,386.6895010850216,212.95820039077768,0.0,0,0.0,0.0,0.0,0.8461111111111111,6.819166666666666,7.8308333333333335,0.0,0,0,0,0.0,0.0,1784.8,235.2,0,0
05-02-2022,0.0,0.0,0.0,0.0,512.3134745902249,230.50173860833885,0.0,0,0.0,0.0,0.0,0.0,9.887500000000001,8.227777777777778,0.0,0,0,0,0.0,0.0,3350.0,206.9,0,0
05-09-2022,0.0,0.0,0.0,0.0,899.862457374666,173.8256887461489,0.0,0,0.0,0.0,0.0,0.0,16.128611111111113,6.467222222222222,0.0,0,0,0,0.0,0.0,4896.8,364.3,0,0
05-16-2022,0.0,0.0,0.0,0.0,1049.0239161862185,164.1654895505396,0.0,0,0.0,0.0,0.0,0.0,17.0275,5.771111111111111,0.0,0,0,0,0.0,0.0,3353.4,156.3,0,0
05-23-2022,0.0,0.0,0.0,0.0,1220.2572972260539,54.06111348684534,0.0,0,0.0,0.0,0.0,0.0,19.646944444444443,1.7941666666666667,0.0,0,0,0,0.0,0.0,4325.0,68.5,0,0
05-30-2022,0.0,0.0,0.0,5.440869799763996,361.0316483318838,78.72982838287149,0.0,0,0.0,0.0,0.0,0.5438888888888889,7.152777777777778,3.125,0.0,0,0,0,0.0,31.2,1184.3,140.7,0,0
06-06-2022,0.0,0.0,0.0,0.0,774.5438689704424,117.95468946057356,0.0,0,0.0,0.0,0.0,0.0,13.08361111111111,4.1755555555555555,0.0,0,0,0,0.0,0.0,2250.9,112.9,0,0
06-13-2022,0.0,0.0,0.0,0.0,0.0,131.73738365752527,0.0,0,0.0,0.0,0.0,0.0,0.0,5.0697222222222225,0.0,0,0,0,0.0,0.0,0.0,286.4,0,0
06-20-2022,0.0,0.0,0.0,0.0,843.8481431852264,66.54520748804237,0.128229124510156,0,0.0,0.0,0.0,0.0,16.876944444444444,2.4483333333333333,0.09861111111111111,0,0,0,0.0,0.0,4132.0,204.2,0,0
06-27-2022,0.0,0.0,0.0,0.0,764.2050135657802,46.853780469465285,0.0,0,0.0,0.0,0.0,0.0,15.898611111111112,1.6733333333333333,0.0,0,0,0,0.0,0.0,3214.6,33.599999999999994,0,0
07-04-2022,0.0,0.0,0.0,0.0,2097.941416469425,0.0,0.0,0,0.0,0.0,0.0,0.0,43.970555555555556,0.0,0.0,0,0,0,0.0,0.0,9899.0,0.0,0,0
07-11-2022,0.0,0.0,0.0,0.0,2179.21136391652,0.0,0.0,0,0.0,0.0,0.0,0.0,42.494166666666665,0.0,0.0,0,0,0,0.0,0.0,6516.0,0.0,0,0
07-18-2022,0.0,0.0,0.0,0.0,2979.2069812762215,0.0,0.0,0,0.0,0.0,0.0,0.0,52.47611111111111,0.0,0.0,0,0,0,0.0,0.0,6761.0,0.0,0,0
07-25-2022,0.0,0.0,0.0,16.404154152557588,2291.4805493175327,0.0,0.0,0,0.0,0.0,0.0,2.0,42.587777777777774,0.0,0.0,0,0,0,0.0,0.0,4724.0,0.0,0,0
08-01-2022,0.0,0.0,0.0,23.401509430278725,1428.2808168729637,19.18911133846099,0.0,0,0.0,0.0,0.0,3.458611111111111,30.568611111111114,0.8716666666666666,0.0,0,0,0,0.0,228.39999999999998,7951.0,11.7,0,0
08-08-2022,0.0,0.0,0.0,19.264947958998,223.13580104585722,63.406346072966265,0.0,0,0.0,0.0,0.0,2.778611111111111,4.802777777777777,2.4338888888888888,0.0,0,0,0,0.0,28.2,675.0,197.7,0,0
08-15-2022,0.0,0.0,0.0,0.0,297.45263124387765,171.53550435068453,0.0,0,0.0,0.0,0.0,0.0,7.351944444444444,6.2780555555555555,0.0,0,0,0,0.0,0.0,1060.3,144.0,0,0
08-22-2022,0.0,0.0,0.0,25.16328382458201,250.4653212409399,131.82871378118276,0.0,0,0.0,0.0,0.0,2.0344444444444445,7.1525,4.852777777777778,0.0,0,0,0,0.0,259.3,965.4,227.7,0,0
08-29-2022,0.0,0.0,0.0,0.0,0.0,214.94320354714554,0.0,0,0.0,0.0,0.0,0.0,0.0,8.116944444444444,0.0,0,0,0,0.0,0.0,0.0,430.1,0,0
09-05-2022,0.0,0.0,0.0,0.0,0.0,214.23417191750116,0.0,0,0.0,0.0,0.0,0.0,0.0,7.7825,0.0,0,0,0,0.0,0.0,0.0,123.3,0,0
09-12-2022,0.0,0.0,0.0,0.0,0.0,231.83581077176407,0.0,0,0.0,0.0,0.0,0.0,0.0,8.1875,0.0,0,0,0,0.0,0.0,0.0,168.5,0,0
09-19-2022,0.0,0.0,0.0,0.0,0.0,238.07765391047946,0.0,0,0.0,0.0,0.0,0.0,0.0,8.285,0.0,0,0,0,0.0,0.0,0.0,174.4,0,0
09-26-2022,0.0,0.0,0.0,0.0,25.60566411104789,228.45476143948915,0.0,0,0.0,0.0,0.0,0.0,0.7822222222222223,8.305277777777778,0.0,0,0,0,0.0,0.0,26.2,148.6,0,0
10-03-2022,0.0,0.0,0.0,0.0,0.0,264.64106114863176,0.0,0,0.0,0.0,0.0,0.0,0.0,9.2425,0.0,0,0,0,0.0,0.0,0.0,191.4,0,0
10-10-2022,0.0,0.0,0.0,0.0,0.0,238.00854473208682,0.0,0,0.0,0.0,0.0,0.0,0.0,8.363333333333333,0.0,0,0,0,0.0,0.0,0.0,184.9,0,0
10-17-2022,0.0,0.0,0.0,13.767812279480738,0.0,197.05758508963515,0.0,0,0.0,0.0,0.0,1.8519444444444444,0.0,7.365555555555556,0.0,1,0,0,0.0,215.0,0.0,435.5,0,0
10-24-2022,0.0,0.0,0.0,0.0,0.0,170.11112137301765,0.0,0,0.0,0.0,0.0,0.0,0.0,5.989444444444445,0.0,0,0,0,0.0,0.0,0.0,128.2,0,0
10-31-2022,0.0,0.0,0.0,0.0,0.0,143.27474307330868,0.0,0,0.0,0.0,0.0,0.0,0.0,4.878888888888889,0.0,0,0,0,0.0,0.0,0.0,120.8,0,0
11-07-2022,0.0,0.0,0.0,4.115767559197996,283.6440465877641,37.89833180395394,0.0,0,0.0,0.0,0.0,0.6605555555555556,5.093055555555556,1.3822222222222222,0.0,0,0,0,0.0,0.0,1939.0,30.1,0,0
11-14-2022,0.0,0.0,0.0,7.164522021915617,313.501046410314,31.73823728038734,0.0,0,0.0,0.0,0.0,0.6358333333333333,4.836388888888889,1.3180555555555555,0.0,0,0,0,0.0,0.0,666.6,14.2,0,0
11-21-2022,0.0,0.0,0.0,9.239020544992481,26.588889973547865,111.33529411423848,0.0,0,0.0,0.0,0.0,2.935,0.3591666666666667,4.123611111111111,0.0,0,0,0,0.0,120.5,20.0,297.3,0,0
11-28-2022,0.0,0.0,0.0,0.0,343.2145274671165,29.52592812429161,0.0,0,0.0,0.0,0.0,0.0,5.183055555555556,1.0755555555555556,0.0,0,0,0,0.0,0.0,20.0,25.8,0,0
12-05-2022,0.0,0.0,0.0,0.0,397.7045663561389,101.93583426719594,0.0,0,0.0,0.0,0.0,0.0,6.047777777777778,3.8872222222222224,0.0,0,0,0,0.0,0.0,0.0,99.7,0,0
12-12-2022,0.0,0.0,0.0,26.57971618880548,479.7220753287962,51.17361377371044,0.0,0,0.0,0.0,0.0,2.736388888888889,7.200833333333334,2.102777777777778,0.0,0,0,0,0.0,57.0,0.0,143.0,0,0
12-19-2022,0.0,0.0,0.0,154.50264015044917,11.703302988678912,69.49998162262139,0.0,0,0.0,0.0,0.0,9.634444444444444,0.16666666666666666,2.522222222222222,0.0,0,0,0,0.0,3649.1,0.0,109.0,0,0
12-26-2022,0.0,0.0,0.0,20.02841071144718,0.0,120.89111602566781,0.0,0,0.0,0.0,0.0,1.903888888888889,0.0,4.551666666666667,0.0,0,0,0,0.0,50.0,0.0,146.0,0,0
01-02-2023,0.0,0.0,0.0,4.6555938258162675,211.31058865104623,118.59766984007281,0.0,0,0.0,0.0,0.0,0.4602777777777778,3.1666666666666665,4.3425,0.0,0,0,0,0.0,4.0,0.0,171.0,0,0
01-09-2023,0.0,0.0,0.0,0.0,118.80642440843278,120.41876804237683,0.0,0,0.0,0.0,0.0,0.0,1.7619444444444445,4.293611111111111,0.0,0,0,0,0.0,0.0,0.0,176.0,0,0
01-16-2023,0.0,0.0,0.0,0.0,238.24787858292137,107.27354995407894,0.0,0,0.0,0.0,0.0,0.0,3.5166666666666666,4.025833333333333,0.0,0,0,0,0.0,0.0,0.0,265.0,0,0
01-23-2023,0.0,0.0,0.0,0.0,66.56233188622815,167.7092206655794,0.0,0,0.0,0.0,0.0,0.0,1.0,6.0841666666666665,0.0,0,0,0,0.0,0.0,0.0,210.0,0,0
01-30-2023,0.0,10.886428422840764,0.0,13.445506642198456,179.52811334201232,126.36174966037376,0.0,0,0.0,0.5961111111111111,0.0,1.313611111111111,2.6666666666666665,4.860833333333334,0.0,0,0,25,0.0,35.0,0.0,144.0,0,0
02-06-2023,0.0,0.0,0.0,0.0,105.41453344150644,172.17501907816998,0.0,0,0.0,0.0,0.0,0.0,1.5333333333333332,6.11,0.0,0,0,0,0.0,0.0,0.0,289.0,0,0
02-13-2023,0.0,0.0,0.0,16.382137069175876,98.2608160993985,185.65885175440326,0.0,0,0.0,0.0,0.0,1.6483333333333334,1.5,6.575,0.0,0,0,0,0.0,10.0,0.0,227.0,0,0
02-20-2023,0.0,0.0,0.0,0.0,115.98069484589656,200.907109029421,0.0,0,0.0,0.0,0.0,0.26944444444444443,1.75,7.046944444444445,0.0,0,0,0,0.0,0.0,0.0,264.0,0,0
02-27-2023,0.0,0.0,0.0,0.0,113.01205810326238,203.44498561292963,0.0,0,0.0,0.0,0.0,0.0,1.7166666666666666,7.038888888888889,0.0,0,0,0,0.0,0.0,0.0,273.0,0,0
03-06-2023,0.0,0.0,0.0,0.0,0.0,172.09082412042324,0.0,0,0.0,0.0,0.0,0.26416666666666666,0.0,6.229444444444445,0.0,0,0,0,0.0,0.0,0.0,248.0,0,0
03-13-2023,0.0,0.0,0.0,223.92291177675344,0.0,48.32749802285784,0.0,0,0.0,0.0,0.0,24.71638888888889,0.0,1.7555555555555555,0.0,0,0,0,0.0,2292.0,0.0,88.0,0,0
03-20-2023,0.0,0.0,0.0,0.0,0.0,189.20380604074208,0.0,0,0.0,0.0,0.0,0.0,0.0,6.773333333333333,0.0,0,0,0,0.0,0.0,0.0,253.0,0,0
03-27-2023,0.0,0.0,0.0,0.0,61.425827878028,46.84358737530708,0.0,0,0.0,0.0,0.0,0.0,1.0,1.7152777777777777,0.0,0,0,0,0.0,0.0,0.0,75.0,0,0
04-03-2023,0.0,0.0,0.0,0.0,10.510303248403183,164.57851372582985,0.0,0,0.0,0.0,0.0,0.0,0.24166666666666664,5.929444444444444,0.0,0,0,0,0.0,0.0,19.0,244.0,0,0
04-10-2023,0.0,0.0,0.0,0.0,12.872247026741288,84.47689873114781,0.0,0,0.0,0.0,0.0,2.0630555555555556,0.3219444444444444,3.0780555555555558,0.0,0,0,0,0.0,0.0,21.0,108.0,0,0
04-17-2023,0.0,0.0,0.0,0.0,75.16183770373516,8.364656928102084,0.0,0,0.0,0.0,0.0,3.0524999999999998,1.323611111111111,0.2966666666666667,0.0,0,0,0,0.0,0.0,36.0,16.0,0,0
04-24-2023,0.0,0.0,0.0,0.0,154.93992388983594,0.0,0.0,0,0.0,0.0,0.0,5.160277777777778,2.5652777777777778,0.0,0.0,0,0,0,0.0,0.0,49.0,0.0,0,0
05-01-2023,0.0,0.0,0.0,0.0,25.625234851831635,20.998997137190983,0.0,0,0.0,0.0,0.0,6.61361111111111,0.8083333333333332,0.8283333333333334,0.0,0,0,0,0.0,0.0,70.0,22.0,0,0
05-08-2023,0.0,0.0,0.0,5.9307499050070875,0.0,136.957878761589,0.0,0,0.0,0.0,0.0,5.221111111111111,0.0,4.943333333333333,0.0,0,0,0,0.0,16.0,0.0,168.0,0,0
05-15-2023,0.0,0.0,0.0,0.0,315.3943117192581,152.4903195017373,0.0,0,0.0,0.0,0.0,2.0475000000000003,5.4622222222222225,5.363333333333333,0.0,0,0,0,0.0,0.0,1140.0,202.0,0,0
05-22-2023,0.0,0.0,0.0,0.0,390.72983974744903,75.04747118728017,0.0,0,0.0,0.0,0.0,0.758888888888889,6.809166666666666,2.6980555555555554,0.0,0,0,0,0.0,0.0,1633.0,122.0,0,0
05-29-2023,0.0,0.0,0.0,0.0,395.36219331858456,11.695148513352352,0.0,0,0.0,0.0,0.0,1.3377777777777777,8.577222222222222,0.5369444444444444,0.0,0,0,0,0.0,0.0,639.0,16.0,0,0
06-05-2023,0.0,0.0,0.0,56.117672164203775,145.9373831293137,69.12874913337974,0.0,0,0.0,0.0,0.0,8.134444444444444,2.5583333333333336,2.528888888888889,0.0,0,0,0,0.0,1671.0,167.0,87.0,0,0
06-12-2023,0.0,0.0,0.0,20.002724114168515,704.2891906563478,7.308040787663073,0.0,0,0.0,0.0,0.0,2.4227777777777777,14.816944444444445,0.3275,0.0,0,0,0,0.0,99.0,3918.0,5.0,0,0
06-19-2023,0.0,0.0,0.0,11.482112845445972,801.4783048359532,46.57775147966123,0.0,0,0.0,0.0,0.0,1.9941666666666666,15.056111111111111,1.6772222222222222,0.0,0,0,0,0.0,20.0,3730.0,69.0,0,0
06-26-2023,0.0,0.0,0.0,0.0,672.1727895826914,35.599992933162994,0.0,0,0.0,0.0,0.0,0.0,11.912222222222223,1.2894444444444444,0.0,0,0,0,0.0,0.0,1806.0,43.0,0,0
07-03-2023,0.0,0.0,0.0,2.544807887536212,592.4016347006182,89.71696457599526,0.0,0,0.0,0.0,0.0,0.6383333333333333,10.589166666666667,3.376388888888889,0.0,0,0,0,0.0,18.0,2015.0,171.0,0,0
07-10-2023,0.0,0.0,0.0,0.0,505.48348991858137,120.3125560012484,0.0,0,0.0,0.0,0.0,0.0,9.168333333333333,4.727222222222222,0.0,0,0,0,0.0,0.0,2815.0,496.0,0,0
07-17-2023,0.0,0.0,0.0,0.0,640.0223435745463,146.8773902725829,0.0,0,0.0,0.0,0.0,0.0,12.218333333333334,5.567777777777778,0.0,0,0,0,0.0,0.0,2019.7,350.0,0,0
07-24-2023,0.0,0.0,0.0,0.0,414.95107780993015,89.34940160065057,0.0,0,0.0,0.0,0.0,0.0,6.740277777777778,3.3369444444444447,0.0,0,0,0,0.0,0.0,216.0,107.0,0,0
07-31-2023,0.0,0.0,0.0,11.167146235957592,853.7764207571963,106.43771623310656,0.0,0,0.0,0.0,0.0,1.1641666666666666,15.590833333333332,3.640277777777778,0.0,0,0,0,0.0,71.0,4846.0,148.0,0,0
08-07-2023,0.0,0.0,0.0,0.0,243.25391098589657,97.50734257922437,0.0,0,0.0,0.0,0.0,0.0,4.884444444444444,3.5877777777777777,0.0,0,0,0,0.0,0.0,1108.0,138.0,0,0
08-14-2023,0.0,0.0,0.0,21.215090733344823,227.69884157671703,79.05029926320529,0.0,0,0.0,0.0,0.0,2.7780555555555555,4.3475,3.1419444444444444,0.0,0,0,0,0.0,354.0,496.0,682.0,0,0
08-21-2023,0.0,0.0,0.0,6.481380851433053,252.70922898892604,103.49170815950359,0.0,0,0.0,0.0,0.0,0.7311111111111112,4.620277777777778,3.9677777777777776,0.0,0,0,0,0.0,11.0,748.0,355.0,0,0
08-28-2023,0.0,0.0,0.0,0.0,48.91421252260383,120.42202983250746,0.0,0,0.0,0.0,0.0,8.075555555555557,0.8080555555555555,4.185277777777777,0.0,0,0,0,0.0,0.0,80.0,163.0,0,0
09-04-2023,0.0,0.0,0.0,0.0,0.0,136.11572532223852,0.0,0,0.0,0.0,0.0,0.0,0.0,5.749444444444444,0.0,0,0,0,0.0,0.0,0.0,578.0,0,0
09-11-2023,0.0,0.0,0.0,0.0,83.05516595796207,133.01763628379518,0.0,0,0.0,0.0,0.0,0.0,1.6497222222222223,4.4991666666666665,0.0,0,0,0,0.0,0.0,174.0,198.0,0,0
09-18-2023,0.0,0.0,0.0,0.0,46.128847612934095,164.58748364868907,0.0,0,0.0,0.0,0.0,0.0,1.1302777777777777,5.871666666666667,0.0,0,0,0,0.0,0.0,129.0,181.0,0,0
09-25-2023,0.0,0.0,0.0,0.0,128.1017108331785,178.76036949001667,0.0,0,0.0,0.0,0.0,0.0,2.8080555555555557,6.226666666666667,0.0,0,0,0,0.0,0.0,445.0,219.0,0,0
10-02-2023,0.0,0.0,0.0,0.0,80.45449991443894,202.383884511061,0.0,0,0.0,0.0,0.0,0.0,2.089166666666667,7.398333333333333,0.0,0,0,0,0.0,0.0,218.0,286.0,0,0
10-09-2023,0.0,0.0,0.0,0.0,84.48749954907234,165.2068160497413,0.0,0,0.0,0.0,0.0,0.09666666666666666,1.6830555555555555,5.842777777777778,0.0,0,0,0,0.0,0.0,175.0,283.0,0,0
10-16-2023,0.0,0.0,0.0,9.893621051832085,44.83248989789422,143.49593321654163,0.0,0,0.0,0.0,0.0,1.008888888888889,1.0369444444444444,5.216388888888889,0.0,0,0,0,0.0,74.0,123.0,184.0,0,0
10-23-2023,0.0,0.0,0.0,0.0,452.7615451422404,129.85655392345421,0.0,0,0.0,0.0,0.0,0.0,9.206666666666667,4.498888888888889,0.0,0,0,0,0.0,0.0,2186.0,198.0,0,0
10-30-2023,0.0,0.0,0.0,0.0,37.54259281783275,140.18664326714043,0.0,0,0.0,0.0,0.0,0.0,0.8813888888888889,4.75,0.0,0,0,0,0.0,0.0,84.0,163.0,0,0
11-06-2023,0.0,0.0,0.0,8.447832576432996,160.8476374020455,26.57196943724525,0.0,0,0.0,0.0,0.0,2.4897222222222224,4.230555555555556,0.9925,0.0,0,0,0,0.0,45.0,361.0,42.0,0,0
11-13-2023,0.0,0.0,0.0,0.0,604.7491412400952,0.0,0.0,0,0.0,0.0,0.0,0.7855555555555556,10.044722222222223,0.0,0.0,0,0,0,0.0,0.0,589.0,0.0,0,0
11-20-2023,0.0,0.0,0.0,6.2508130615745685,418.51968007471595,0.0,0.0,0,0.0,0.0,0.0,1.201111111111111,6.565277777777778,0.0,0.0,0,0,0,0.0,39.0,691.0,0.0,0,0
11-27-2023,0.0,0.0,0.0,0.0,703.6659848795156,0.0,0.0,0,0.0,0.0,0.0,0.8113888888888889,11.479444444444445,0.0,0.0,0,0,0,0.0,0.0,387.0,0.0,0,0
12-04-2023,0.0,0.0,0.0,0.0,415.8627481514396,0.0,0.0,0,0.0,0.0,0.0,1.0108333333333333,7.226388888888889,0.0,0.0,0,0,0,0.0,0.0,417.0,0.0,0,0
12-11-2023,0.0,0.0,0.0,0.0,583.1440627242577,32.68069076625451,0.0,0,0.0,0.0,0.0,1.0808333333333333,9.331944444444444,1.4433333333333334,0.0,0,0,0,0.0,0.0,1025.0,58.0,0,0
12-18-2023,0.0,0.0,0.0,10.714776717216674,417.06104830067756,27.314842139494868,0.0,0,0.0,0.0,0.0,1.4422222222222223,6.407222222222222,1.2566666666666666,0.0,0,0,0,0.0,107.0,90.0,83.0,0,0
12-25-2023,0.0,0.0,0.0,107.50228298698894,0.0,77.74537934907252,0.0,0,0.0,0.0,0.0,9.395555555555555,0.0,3.0902777777777777,0.0,0,0,0,0.0,358.0,0.0,203.0,0,0
01-01-2024,0.0,0.0,0.0,85.03629573854982,79.04194092599559,125.21400725816044,0.0,0,0.0,0.0,0.0,11.929444444444444,3.0205555555555557,5.060833333333333,0.0,0,0,0,0.0,430.0,340.0,568.0,0,0
01-08-2024,0.0,0.0,0.0,135.23993467216596,64.52982891108306,113.19023338914772,0.0,0,0.0,0.0,0.0,4.337222222222222,1.0002777777777778,4.3502777777777775,0.0,0,0,0,0.0,5055.5,0.0,414.0,0,0
01-15-2024,0.0,0.0,0.0,90.4659531347398,0.0,49.35516577588756,0.0,0,0.0,0.0,0.0,3.062777777777778,0.0,1.8194444444444446,0.0,0,0,0,0.0,4377.4,0.0,150.0,0,0
01-22-2024,0.0,0.0,0.0,0.0,16.40925069963669,169.56619855932027,0.0,0,0.0,0.0,0.0,0.0,0.5477777777777778,5.913055555555555,0.0,0,0,0,0.0,0.0,37.0,194.0,0,0
01-29-2024,0.0,0.0,0.0,0.0,0.0,202.35799405189917,0.0,0,0.0,0.0,0.0,0.0,0.0,7.1466666666666665,0.0,0,0,0,0.0,0.0,0.0,262.0,0,0
02-05-2024,0.0,0.0,0.0,0.0,47.60990419412056,229.9861719058171,0.0,0,0.0,0.0,0.0,0.0,1.2647222222222223,8.131666666666666,0.0,0,0,0,0.0,0.0,149.0,466.0,0,0
02-12-2024,0.0,0.0,0.0,125.86656914616842,31.694814699273408,170.65074377775278,0.0,0,0.0,0.0,0.0,3.9669444444444446,0.7972222222222223,6.2275,0.0,0,0,0,0.0,274.2,114.0,306.0,0,0
02-19-2024,0.0,0.0,0.0,58.74626728572039,23.697720746516016,225.41905413729404,0.0,0,0.0,0.0,0.0,1.451111111111111,0.5627777777777778,7.949999999999999,0.0,0,0,0,0.0,87.8,66.0,494.0,0,0
02-26-2024,0.0,0.0,0.0,0.0,46.62912467421856,240.14297864881394,0.0,0,0.0,0.0,0.0,0.0,1.1236111111111111,8.425277777777778,0.0,0,0,0,0.0,0.0,153.0,377.5,0,0
03-04-2024,0.0,0.0,0.0,0.0,39.30803672603299,247.84773466111415,0.0,0,0.0,0.0,0.0,0.0,0.995,8.699166666666667,0.0,0,0,0,0.0,0.0,116.0,572.0,0,0
03-11-2024,0.0,0.0,0.0,0.0,92.24831757924265,230.58002157147385,0.0,0,0.0,0.0,0.0,0.0,1.9619444444444445,8.446111111111112,0.0,0,0,0,0.0,0.0,531.0,331.0,0,0
03-18-2024,0.0,0.0,0.0,0.0,124.63136999607772,133.97089444947005,0.0,0,0.0,0.0,0.0,0.0,2.3072222222222223,4.890833333333333,0.0,0,0,0,0.0,0.0,144.0,199.0,0,0
03-25-2024,0.0,0.0,0.0,19.580730016019036,60.5090609894395,117.73084911285949,0.0,0,0.0,0.0,0.0,2.8430555555555554,1.626111111111111,4.143888888888889,0.0,0,0,0,0.0,453.0,139.0,579.0,0,0
04-01-2024,0.0,0.0,0.0,0.0,23.788031560757666,154.76929149362766,0.0,0,0.0,0.0,0.0,0.0,0.66,5.514444444444445,0.0,0,0,0,0.0,0.0,88.0,283.0,0,0
04-08-2024,9.284685606821215,0.0,0.0,0.0,47.34508760789053,119.56764468016712,0.0,0,0.3025,0.0,0.0,0.0,1.2608333333333333,4.320833333333333,0.0,0,21,0,0.0,0.0,139.0,186.0,0,0
04-15-2024,0.0,0.0,0.0,0.0,48.38763727839122,241.4521796624931,0.0,0,0.0,0.0,0.0,0.0,1.306111111111111,8.625277777777779,0.0,0,0,0,0.0,0.0,139.0,457.0,0,0
04-22-2024,0.0,0.0,0.0,0.0,31.66933196387791,262.9530847560339,0.0,0,0.0,0.0,0.0,0.0,0.8069444444444445,8.945277777777777,0.0,0,0,0,0.0,0.0,107.0,502.0,0,0
04-29-2024,0.0,0.0,0.0,0.0,40.65372901679856,214.24497659730886,0.0,0,0.0,0.0,0.0,0.0,1.3441666666666667,7.601944444444444,0.0,0,0,0,0.0,0.0,88.0,318.0,0,0
05-06-2024,0.0,0.0,0.0,0.0,15.715508711229596,178.3740512214209,0.0,0,0.0,0.0,0.0,0.0,0.4294444444444444,5.8825,0.0,0,0,0,0.0,0.0,44.0,322.0,0,0
05-13-2024,0.0,0.0,0.0,0.0,149.54084577612056,161.83269802149394,0.0,0,0.0,0.0,0.0,1.455277777777778,3.0819444444444444,6.2091666666666665,0.0,0,0,0,0.0,0.0,189.0,378.0,0,0
05-20-2024,0.0,0.0,0.0,0.0,674.4750018292624,164.87798683219776,0.0,0,0.0,0.0,0.0,0.8094444444444444,11.738611111111112,6.114444444444445,0.0,0,0,0,0.0,0.0,2183.0,205.0,0,0
05-27-2024,0.0,0.0,0.0,6.414106429988932,227.24402571537811,230.9019194849898,0.0,0,0.0,0.0,0.0,1.6,3.7394444444444446,8.178055555555556,0.0,0,0,0,0.0,54.0,780.0,293.0,0,0
06-03-2024,0.0,0.0,0.0,0.0,192.70696864103226,251.88644242847613,0.0,0,0.0,0.0,0.0,1.1544444444444446,4.142777777777778,8.883333333333333,0.0,0,0,0,0.0,0.0,499.0,248.0,0,0
06-10-2024,0.0,0.0,0.0,239.0270387003742,0.0,0.0,0.083175648330912,0,0.0,0.0,0.0,27.11638888888889,0.0,0.0,0.0811111111111111,0,0,0,0.0,518.0,0.0,0.0,0,0
06-17-2024,0.0,0.0,0.0,25.87863517260449,67.79997737891681,131.8397223228736,0.0,0,0.0,0.0,0.0,2.4758333333333336,1.0386111111111112,4.676111111111111,0.0,0,0,0,0.0,27.0,182.0,176.0,0,0
06-24-2024,0.0,0.0,0.0,80.23677542321977,9.314245579879994,166.8984619562362,0.0,0,0.0,0.0,0.0,8.995555555555555,0.2788888888888889,5.987777777777778,0.0,0,0,0,0.0,1721.0,32.0,469.0,0,0
07-01-2024,0.0,0.0,0.0,0.0,0.0,230.65178095434757,0.0,0,0.0,0.0,0.0,0.0,0.0,8.196111111111112,0.0,0,0,0,0.0,0.0,0.0,293.0,0,0
07-08-2024,0.0,0.0,0.0,0.0,154.63127699872564,115.68631828660773,0.0,0,0.0,0.0,0.0,0.0,3.2555555555555555,4.114166666666667,0.0,0,0,0,0.0,0.0,512.0,153.0,0,0
07-15-2024,0.0,0.0,0.0,0.0,215.88851109937698,231.33247578223217,0.0,0,0.0,0.0,0.0,0.0,4.417777777777777,8.296666666666667,0.0,0,0,0,0.0,0.0,954.0,296.0,0,0
07-22-2024,0.0,0.0,0.0,7.5151644609576955,501.1157490717927,97.02806329190581,0.0,0,0.0,0.0,0.0,0.5883333333333334,8.700277777777778,3.638611111111111,0.0,0,0,0,0.0,27.0,1735.0,136.0,0,0
07-29-2024,0.0,0.0,0.0,7.1484169331456595,0.0,262.5527000174998,0.0,0,0.0,0.0,0.0,0.7263888888888889,0.0,9.591666666666667,0.0,0,0,0,0.0,60.0,0.0,542.0,0,0
08-05-2024,0.0,0.0,0.0,0.0,0.0,285.76543334396865,0.0,0,0.0,0.0,0.0,0.0,0.0,10.053888888888888,0.0,0,0,0,0.0,0.0,0.0,412.0,0,0
08-12-2024,0.0,0.0,0.0,0.0,57.18427753691782,222.1171032156867,0.0,0,0.0,0.0,0.0,0.0,1.7405555555555554,8.0475,0.0,0,0,0,0.0,0.0,83.0,268.0,0,0
08-19-2024,0.0,0.0,0.0,0.0,7.975892316908336,179.1057115200965,0.0,0,0.0,0.0,0.0,0.0,0.2361111111111111,6.1658333333333335,0.0,0,0,0,0.0,0.0,24.0,320.0,0,0
08-26-2024,0.0,0.0,0.0,1.9211943869375359,49.809777775343285,309.5167697657568,0.0,0,0.0,0.0,0.0,0.24083333333333334,1.5244444444444445,11.793333333333333,0.0,0,0,0,0.0,5.0,89.0,1483.0,0,0
09-02-2024,0.0,0.0,0.0,11.252360503120144,7.8649914524671205,337.93185448868775,0.0,0,0.0,0.0,0.0,1.6127777777777779,0.20277777777777778,13.69138888888889,0.0,0,0,0,0.0,337.0,19.0,2192.0,0,0
09-09-2024,0.0,0.0,0.0,0.0,25.863345531367187,336.3449935901392,0.0,0,0.0,0.0,0.0,0.0,0.6580555555555556,19.541944444444443,0.0,0,0,0,0.0,0.0,51.0,3164.0,0,0
09-16-2024,0.0,0.0,0.0,0.0,23.947859277158244,329.7041927460719,0.0,0,0.0,0.0,0.0,0.0,0.6875,12.322777777777778,0.0,0,0,0,0.0,0.0,57.0,829.0,0,0
09-23-2024,0.0,0.0,0.0,0.0,116.52786014030872,341.4494912826826,0.0,0,0.0,0.0,0.0,0.0,3.303611111111111,12.144166666666667,0.0,0,0,0,0.0,0.0,236.0,625.0,0,0
09-30-2024,0.0,0.0,0.0,0.0,16.069209078519137,361.39411476014936,0.0,0,0.0,0.0,0.0,0.0,0.43222222222222223,12.870277777777778,0.0,0,0,0,0.0,0.0,33.0,419.0,0,0
10-07-2024,0.0,0.0,0.0,0.0,18.8674172868282,409.25762313692593,0.0,0,0.0,0.0,0.0,0.0,0.5075,29.801111111111112,0.0,0,0,0,0.0,0.0,38.0,4270.0,0,0
10-14-2024,0.0,0.0,0.0,0.0,54.1972932247989,353.38417750875266,0.0,0,0.0,0.0,0.0,0.0,1.6436111111111111,12.377222222222223,0.0,0,0,0,0.0,0.0,128.0,367.0,0,0
10-21-2024,0.0,0.0,0.0,0.0,43.70187189386668,328.933594827712,0.0,0,0.0,0.0,0.0,0.0,1.2602777777777778,11.625833333333333,0.0,0,0,0,0.0,0.0,108.0,443.0,0,0
10-28-2024,0.0,0.0,0.0,0.0,65.5744172004154,246.43456408702127,0.0,0,0.0,0.0,0.0,0.0,2.6811111111111114,8.71111111111111,0.0,0,0,0,0.0,0.0,136.0,300.0,0,0
11-04-2024,0.0,0.0,0.0,0.0,24.070176407056646,208.15623373284967,0.0,0,0.0,0.0,0.0,0.0,0.6769444444444445,7.002777777777778,0.0,0,0,0,0.0,0.0,44.0,381.0,0,0
11-11-2024,0.0,0.0,0.0,0.0,319.11479108700104,202.87723026831787,0.0,0,0.0,0.0,0.0,0.0,5.583888888888889,7.0905555555555555,0.0,0,0,0,0.0,0.0,603.0,354.0,0,0
11-18-2024,0.0,0.0,0.0,0.0,125.13898608515609,289.701394722216,0.0,0,0.0,0.0,0.0,0.0,2.433611111111111,9.8675,0.0,0,0,0,0.0,0.0,124.0,559.0,0,0
11-25-2024,0.0,0.0,0.0,31.831809884759615,7.872942065910516,283.55658983988667,0.0,0,0.0,0.0,0.0,3.365555555555556,0.21194444444444444,10.275833333333333,0.0,0,0,0,0.0,142.0,22.0,563.0,0,0
12-02-2024,0.0,0.0,0.0,0.0,48.82512487966117,245.84030669759824,0.0,0,0.0,0.0,0.0,0.0,1.274722222222222,8.956111111111111,0.0,0,0,0,0.0,0.0,124.0,366.0,0,0
12-09-2024,0.0,0.0,0.0,0.0,169.90155135712507,283.6206024712002,0.0,0,0.0,0.0,0.0,0.0,2.5949999999999998,10.12861111111111,0.0,0,0,0,0.0,0.0,21.0,346.0,0,0
12-16-2024,0.0,0.0,0.0,0.0,54.60644402430904,262.91272010316743,0.0,0,0.0,0.0,0.0,0.1438888888888889,0.75,9.284166666666668,0.0,0,0,0,0.0,0.0,0.0,828.0,0,0
12-23-2024,0.0,0.0,0.0,52.053277799563105,66.89890785533191,166.2987002959677,0.0,0,0.0,0.0,0.0,6.708611111111111,1.6719444444444445,5.747222222222222,0.0,0,0,0,0.0,1352.0,582.0,201.0,0,0
12-30-2024,0.0,0.0,0.0,91.74151693769696,370.98703953431453,35.04426543965793,0.0,0,0.0,0.0,0.0,13.060555555555556,10.364166666666666,1.3977777777777778,0.0,0,0,0,0.0,2894.0,4371.0,270.0,0,0
01-06-2025,0.0,0.0,0.0,21.91821036837746,104.32346464281271,264.8646976344627,0.0,0,0.0,0.0,0.0,2.2311111111111113,1.5,9.367777777777778,0.0,0,0,0,0.0,107.0,0.0,961.0,0,0
01-13-2025,0.0,0.0,0.0,6.156832733435964,16.24575346933916,330.3475808493375,0.0,0,0.0,0.0,0.0,0.6494444444444445,0.2511111111111111,11.215277777777779,0.0,0,0,0,0.0,37.0,0.0,1316.0,0,0
01-20-2025,0.0,0.0,0.0,0.0,0.0,338.6260042008612,0.0,0,0.0,0.0,0.0,0.0,0.0,11.635555555555555,0.0,0,0,0,0.0,0.0,0.0,453.0,0,0
01-27-2025,0.0,0.0,0.0,0.0,17.825886925743326,335.42822670155067,0.0,0,0.0,0.0,0.0,0.3238888888888889,0.4675,11.821944444444444,0.0,0,0,0,0.0,0.0,36.0,306.0,0,0
02-03-2025,0.0,0.0,0.0,0.0,0.0,346.00213485750106,0.0,0,0.0,0.0,0.0,0.23805555555555555,0.0,12.1775,0.0,0,0,0,0.0,0.0,0.0,548.0,0,0
02-10-2025,0.0,0.0,0.0,13.578016866255057,0.0,332.1595052668991,0.0,0,0.0,0.0,0.0,1.4494444444444445,0.0,11.413611111111111,0.0,0,0,0,0.0,69.0,0.0,522.0,0,0
02-17-2025,0.0,0.0,0.0,0.0,0.0,355.5917978415356,0.0,0,0.0,0.0,0.0,0.33416666666666667,0.0,12.078888888888889,0.0,0,0,0,0.0,0.0,0.0,635.0,0,0
02-24-2025,0.0,0.0,0.0,5.8202567643322,0.0,358.3690082758788,0.0,0,0.0,0.0,0.0,1.2641666666666667,0.0,12.723611111111111,0.0,0,0,0,0.0,18.0,0.0,496.0,0,0
03-03-2025,0.0,0.0,0.0,6.479342232601413,0.0,331.2264294276575,0.0,0,0.0,0.0,0.0,0.5691666666666667,0.0,11.74638888888889,0.0,0,0,0,0.0,49.0,0.0,502.0,0,0
03-10-2025,0.0,0.0,0.0,0.0,0.0,107.96769966625237,0.0,0,0.0,0.0,0.0,0.0,0.0,4.120277777777778,0.0,0,0,0,0.0,0.0,0.0,177.0,0,0
03-17-2025,0.0,0.0,0.0,0.0,0.0,361.4748440658823,0.0,0,0.0,0.0,0.0,0.0,0.0,12.963611111111112,0.0,0,0,0,0.0,0.0,0.0,1054.0,0,0
03-24-2025,0.0,0.0,0.0,15.126959454535127,0.0,351.26462550949657,0.0,0,0.0,0.0,0.0,1.6413888888888888,0.0,12.290277777777778,0.0,0,0,0,0.0,100.0,0.0,822.0,0,0
03-31-2025,0.0,0.0,0.0,0.0,0.0,303.8143451698934,0.0,0,0.0,0.0,0.0,0.0,0.0,10.856111111111112,0.0,0,0,0,0.0,0.0,0.0,747.0,0,0
04-07-2025,0.0,0.0,0.0,0.0,0.0,252.0933622398876,0.0,0,0.0,0.0,0.0,0.0,0.0,8.795277777777777,0.0,0,0,0,0.0,0.0,0.0,381.0,0,0
04-14-2025,0.0,0.0,0.0,0.0,5.529957442706664,178.1226895194797,0.0,0,0.0,0.0,0.0,0.0,0.1622222222222222,6.516388888888889,0.0,0,0,0,0.0,0.0,11.0,356.0,0,0
04-21-2025,0.0,0.0,0.0,5.806598018160212,0.0,252.33718105215175,0.0,0,0.0,0.0,0.0,0.7705555555555555,0.0,8.485555555555555,0.0,0,0,0,0.0,1.0,0.0,670.0,0,0
04-28-2025,0.0,0.0,0.0,0.0,0.0,297.2481577750641,0.0,0,0.0,0.0,0.0,0.8436111111111111,0.0,10.465,0.0,0,0,0,0.0,0.0,0.0,476.0,0,0
05-05-2025,0.0,0.0,0.0,0.0,0.0,329.5682168700015,0.0,0,0.0,0.0,0.0,1.1569444444444446,0.0,11.521666666666667,0.0,0,0,0,0.0,0.0,0.0,389.0,0,0
05-12-2025,0.0,0.0,0.0,0.0,0.0,336.0493938595514,0.0,0,0.0,0.0,0.0,0.42916666666666664,0.0,12.09388888888889,0.0,0,0,0,0.0,0.0,0.0,1056.0,0,0
05-19-2025,0.0,0.0,0.0,21.2984702435589,0.0,270.71288347678836,0.0,0,0.0,0.0,0.0,2.1688888888888886,0.0,9.934444444444445,0.0,0,0,0,0.0,128.0,0.0,1228.0,0,0
05-26-2025,0.0,0.0,0.0,10.63751306349752,0.0,218.69915488255907,0.0,0,0.0,0.0,0.0,1.166111111111111,0.0,7.75,0.0,0,0,0,0.0,50.0,0.0,950.0,0,0
06-02-2025,0.0,0.0,0.0,53.20183564930908,0.0,188.6323811822334,0.0,0,0.0,0.0,0.0,5.683333333333334,0.0,6.685,0.0,0,0,0,0.0,227.0,0.0,635.0,0,0
06-09-2025,0.0,0.0,0.0,0.0,0.0,253.07903444498555,0.0,0,0.0,0.0,0.0,0.0,0.0,9.047500000000001,0.0,0,0,0,0.0,0.0,0.0,302.0,0,0
06-16-2025,0.0,0.0,0.0,25.99137079399418,11.517788674999672,151.63838069199494,0.0,0,0.0,0.0,0.0,2.979722222222222,0.3338888888888889,5.634166666666667,0.0,0,0,0,0.0,128.0,27.0,223.0,0,0
06-23-2025,0.0,0.0,0.0,0.0,0.0,263.42217094919425,0.0,0,0.0,0.0,0.0,0.0,0.0,9.430833333333332,0.0,0,0,0,0.0,0.0,0.0,344.0,0,0
06-30-2025,0.0,0.0,0.0,0.0,0.0,252.02771871350876,0.0,0,0.0,0.0,0.0,0.5858333333333334,0.0,8.985,0.0,0,0,0,0.0,0.0,0.0,715.0,0,0
07-07-2025,0.0,0.0,0.0,4.9159254506166965,0.0,275.31343459415035,0.0,0,0.0,0.0,0.0,0.48944444444444446,0.0,9.68,0.0,0,0,0,0.0,19.0,0.0,1077.0,0,0
07-14-2025,0.0,0.0,0.0,0.0,0.0,8.308187186465656,0.0,0,0.0,0.0,0.0,0.0,0.0,0.3811111111111111,0.0,0,0,0,0.0,0.0,0.0,11.0,0,0
